Genotype;Critere;AUC;TSW;MGT;T20;T50;T80;UNI;GR;GR36;FG;VI;ES
NAVIG_001;HD_semi-synth;3188;;58.975;49.25;54.4;69.33333333;25.66666667;80;7;35.5;2.475206667;0.125873438
NAVIG_002;HD_semi-synth;3026;;57.75;45.825;58.5;76.66666667;34.23333333;76;5;32;2.20132;0.130148795
NAVIG_003;HD_semi-synth;3076;;55.325;45.825;55.73333333;75.76666667;34.66666667;74;9;31;2.46967;0.154209891
NAVIG_004;HD_semi-synth;3566;;57.125;42.95;56.5;79.125;36.175;90;7;32.5;3.498022174;0.127497681
NAVIG_005;HD_semi-synth;4799;;46.6;35.1;43.45;60.175;25.075;95;26;28;2.23466;0.178467816
NAVIG_006;HD_semi-synth;3466;;53.775;40.25;60.625;72.4;34.06666667;80;14;29.5;1.53055375;0.197341899
NAVIG_007;HD_semi-synth;4585;;49.875;38.575;49.025;60;21.425;97;16;26;2.283373636;0.133132136
NAVIG_008;HD_semi-synth;3252;;56.425;42.325;61.175;80.66666667;40.23333333;80;9;31.5;1.698932174;0.168540812
NAVIG_009;HD_semi-synth;3609;;53.55;38.25;52.825;69;30.75;92;13;30.5;1.715083333;0.167882004
NAVIG_010;HD_semi-synth;2215;;64.375;57.5;58.8;86;42;63;4;32.5;1.59178;0.167211481
NAVIG_011;HD_semi-synth;3986;;55.55;42;52.575;70.25;28.25;96;8;33;1.89774;0.13470742
NAVIG_012;HD_semi-synth;4323;;50.125;38.675;50.125;54.43333333;19.2;91;17;30.5;2.78608;0.118290536
NAVIG_013;HD_semi-synth;4066;;52.825;38.925;51.7;71.25;32.325;92;15;29.5;2.06831;0.13090693
NAVIG_014;HD_semi-synth;3027;;61.175;44.475;66.75;82.33333333;40.7;83;3;32.5;1.73007197;0.187604363
NAVIG_015;HD_semi-synth;2604;;58.625;48.5;66.375;88;40.7;68;3;33;4.261560417;0.146342674
NAVIG_016;HD_semi-synth;4580;;47.375;36.825;45.95;63.225;26.375;92;19;28;2.046487083;0.160579539
NAVIG_017;HD_semi-synth;4260;;52.475;39.175;49.75;67;27.825;96;13;29;2.51296;0.121481513
NAVIG_018;HD_semi-synth;3400;;59.55;48.05;59;80;31.95;90;6;33.5;2.89615;0.112482039
NAVIG_019;HD_semi-synth;4377;;49.075;36.25;50;65.25;29;91;18;30;2.46478;0.129595518
NAVIG_020;HD_semi-synth;3582;;55.95;42.325;56.525;69.66666667;32.9;86;15;30.5;2.38272375;0.139905692
NAVIG_021;HD_semi-synth;4622;;49.025;36.175;47.25;60;23.825;96;23;29;2.16853;0.12689564
NAVIG_022;HD_semi-synth;4377;;50.375;38.275;49.75;63.5;25.225;93;16;28;2.62513;0.155380299
NAVIG_023;HD_semi-synth;3787;;52.675;36.075;53.075;73.66666667;39.56666667;85;17;27.5;2.96734;0.132958203
NAVIG_025;HD_semi-synth;3853;;50.725;36.325;51.7;80;44;83;18;29.5;2.73554;0.129335316
NAVIG_026;HD_semi-synth;4039;;54.425;39.75;52.4;72.75;33;95;13;30;2.61308;0.114508467
NAVIG_028;HD_semi-synth;2696;;63.45;56.75;60.1;85;37.5;70;3;36.5;2.627072917;0.12489763
NAVIG_029;HD_semi-synth;2840;;63.85;49.325;63.925;87;37.675;86;1;39;2.01856;0.148217019
NAVIG_030;HD_semi-synth;3538;;57.35;43.5;59.875;68.66666667;30;86;11;33;2.68601;0.131765458
NAVIG_031;HD_semi-synth;4591;;49.275;38.5;48.075;59;20.5;95;20;27.5;2.900818333;0.132622311
NAVIG_032;HD_semi-synth;4047;;54.35;41;53.5;66.325;25.325;95;10;33;2.463356794;0.131129236
NAVIG_033;HD_semi-synth;4738;;47.725;35.925;43.675;56.675;20.75;96;19;26.5;2.24655;0.126449514
NAVIG_034;HD_semi-synth;4445;;50.15;37.95;50;60.75;22.8;95;16;31;1.999975;0.133346501
NAVIG_035;HD_semi-synth;4432;;49.975;37;49.15;63.25;26.25;94;20;30.5;2.40326;0.134725616
NAVIG_036;HD_semi-synth;4838;;47.6;38.625;44.225;54.325;15.7;98;12;48.5;1.894212174;0.10908299
NAVIG_037;HD_semi-synth;5195;;44.5;35.825;42.7;50.5;14.675;99;23;28;2.683650833;0.121178869
NAVIG_038;HD_semi-synth;4371;;50.95;39;49.25;63.5;24.5;95;16;30.5;1.701367143;0.106955082
NAVIG_039;HD_semi-synth;4572;;49.4;36;46.925;60.25;24.25;96;15;31.5;2.87180375;0.143230461
NAVIG_040;HD_semi-synth;3896;;51.975;40;50.8;67.66666667;29;86;11;32.5;4.4913;0.153959738
NAVIG_041;HD_semi-synth;4292;;52.325;40.1;50.875;65.175;25.075;96;18;27;1.652183333;0.147891021
NAVIG_042;HD_semi-synth;3957;;52.275;41.175;51.75;59.33333333;23.1;87;13;32;2.72953;0.134564661
NAVIG_043;HD_semi-synth;3379;;58.325;45.25;61.7;71.66666667;28.66666667;85;4;36;2.86306;0.131952022
NAVIG_044;HD_semi-synth;4045;;53.525;40.5;51.95;68.5;28;93;10;32;2.079674091;0.139762293
NAVIG_045;HD_semi-synth;5108;;43.875;33.125;41.975;54.5;21.375;96;32;24;1.978206471;0.155270739
NAVIG_046;HD_semi-synth;3587;;50.475;40.25;53.75;94;57.5;77;12;30;2.732390833;0.150677959
NAVIG_047;HD_semi-synth;4542;;50.625;38.25;48.675;59;20.75;98;17;30.5;1.792977143;0.142085491
NAVIG_048;HD_semi-synth;4715;;48.525;37.75;47.65;57.75;20;97;23;29;2.76795;0.154612207
NAVIG_049;HD_semi-synth;4191;;52.15;42.625;52.45;61.425;18.8;93;8;27;1.767886667;0.152426149
NAVIG_050;HD_semi-synth;4255;;52.3;38.675;50.75;66.25;27.575;95;15;28;3.023236957;0.167821327
NAVIG_051;HD_semi-synth;3876;;54.675;47.1;59.775;56.66666667;16.76666667;88;11;32.5;2.295428636;0.12507675
NAVIG_052;HD_semi-synth;4731;;49.3;40.375;46.5;55.825;15.45;99;12;31.5;2.563610435;0.16176237
NAVIG_053;HD_semi-synth;5130;;42.475;34.45;40.675;48;13.55;94;30;27;3.64694;0.144978362
NAVIG_054;HD_semi-synth;4205;;51.825;43.275;50.65;64.075;20.8;93;9;33.5;3.84209;0.149596157
NAVIG_055;HD_semi-synth;4035;;52.55;43.075;54.075;58;19.23333333;89;10;25;2.70455;0.134337317
NAVIG_056;HD_semi-synth;4100;;52.6;38.675;52.125;68.25;29.575;91;16;28.5;2.73304;0.136866332
NAVIG_057;HD_semi-synth;3425;;57.775;44;56.7;82.25;38.25;87;7;34.5;2.720297143;0.12724699
NAVIG_058;HD_semi-synth;2924;;56.925;47;56.86666667;87;42.5;72;7;37;4.75182;0.109557089
NAVIG_059;HD_semi-synth;2830;;62.525;54.75;66.55;67;15.5;80;3;38;1.687540769;0.12917912
NAVIG_060;HD_semi-synth;3781;;55.45;44.75;57.875;62.66666667;23.33333333;89;13;31;2.5303;0.102545877
NAVIG_061;HD_semi-synth;5054;;45.425;35.25;44.075;52;16.75;98;22;28;1.570279583;0.108665694
NAVIG_062;HD_semi-synth;3167;;63.275;48.5;64.15;78;29.5;93;5;32.5;1.225762174;0.118449944
NAVIG_063;HD_semi-synth;4963;;45.85;32.625;42.2;54.75;22.125;97;29;27;2.396096957;0.120671616
NAVIG_064;HD_semi-synth;3748;;53.55;43.075;56.925;65.66666667;27.23333333;84;10;32.5;2.257045417;0.137044276
NAVIG_065;HD_semi-synth;3998;;53.275;39.425;51;67.33333333;28.1;92;11;30;2.423437222;0.178458547
NAVIG_066;HD_semi-synth;3826;;54.675;41.85;52.15;71.75;29.9;90;8;31;2.194389107;0.163299929
NAVIG_067;HD_semi-synth;3099;;57.275;43.825;51;78;41.35;75;10;36;2.63104;0.14387453
NAVIG_068;HD_semi-synth;2893;;59.3;48.75;68.825;74.5;31;75;7;36.5;1.79565;0.118977545
NAVIG_069;HD_semi-synth;4421;;51.45;38.575;48.175;63.5;24.925;97;16;28.5;2.068703333;0.125223118
NAVIG_070;HD_semi-synth;4699;;47.6;35.9;47.575;55.5;19.6;95;24;28.5;2.52726;0.123075318
NAVIG_071;HD_semi-synth;4806;;47.975;34.25;45.675;59.25;25;98;25;25;2.111198261;0.128227995
NAVIG_072;HD_semi-synth;4239;;50.35;40;50.125;59.33333333;23.33333333;89;17;28;2.19579;0.119749372
NAVIG_073;HD_semi-synth;4161;;53.375;40;52.425;70.675;30.675;95;11;33;2.31936;0.099661758
NAVIG_074;HD_semi-synth;5149;;45.025;32.5;43.75;53.75;21.25;99;28;25;1.930594583;0.129205706
NAVIG_075;HD_semi-synth;3535;;58.525;45.75;63;70.33333333;29.33333333;89;12;29;1.62277;0.126864747
NAVIG_076;HD_semi-synth;3742;;54.3;41.825;57.85;54.5;16.85;86;10;34;1.576947222;0.156180393
NAVIG_077;HD_semi-synth;3779;;52.55;43.5;52.7;68.33333333;23;85;7;34;2.61875;0.169274024
NAVIG_078;HD_semi-synth;5397;;42.5;31.925;38.75;50.575;18.65;99;42;25;2.591520833;0.146282896
NAVIG_079;HD_semi-synth;2891;;56.8;44;61.325;89;43;73;9;36;3.0882575;0.150979771
NAVIG_080;HD_semi-synth;3378;;56.075;46.5;58.75;65;24;82;5;31.5;2.12679;0.157349211
NAVIG_081;HD_semi-synth;4849;;46.075;33.5;44.025;53.5;20;95;25;27.5;2.024214286;0.146135008
NAVIG_082;HD_semi-synth;4094;;52.35;41;52;65.5;24.5;92;10;29;2.45853;0.1467895
NAVIG_083;HD_semi-synth;3545;;55.4;47.175;58.9;66;23.1;83;8;29.5;3.27459;0.127436613
NAVIG_084;HD_semi-synth;4132;;49.35;40.025;48.5;57.65;21.45;86;15;26.5;2.454179565;0.154483411
NAVIG_085;HD_semi-synth;4956;;45.475;36.25;42.9;50.75;14.5;96;18;32.5;1.684373478;0.11453028
NAVIG_086;HD_semi-synth;4026;;53.55;42.425;52.325;71.25;28.825;92;4;31.5;1.9024;0.144489281
NAVIG_087;HD_semi-synth;4538;;49.65;38.125;48.075;58;19.875;96;17;28;1.99979;0.141386109
NAVIG_088;HD_semi-synth;4156;;52.775;40.5;50.975;65.5;25;94;12;28;2.10766;0.131443279
NAVIG_089;HD_semi-synth;3415;;57.475;46.325;59.125;61.75;20.1;85;7;35.5;3.26889;0.158436848
NAVIG_090;HD_semi-synth;3136;;53.575;46;48.83333333;69;34;68;17;35.5;1.787766794;0.124716921
NAVIG_091;HD_semi-synth;4885;;46.8;35.5;43;55.25;19.75;97;28;26;2.24984125;0.136042351
NAVIG_092;HD_semi-synth;4590;;51.1;39.575;47.45;58.825;19.25;100;12;30;2.39415;0.147161683
NAVIG_094;HD_semi-synth;3145;;59.225;45.75;64.875;79;35.33333333;83;10;32;2.71977;0.134625714
NAVIG_095;HD_semi-synth;4424;;49.925;41.05;48.275;58.65;17.6;94;5;32;2.91126;0.148817101
NAVIG_096;HD_semi-synth;4581;;49.875;38.25;49.075;58.325;20.075;97;15;30.5;1.688815;0.129822298
NAVIG_097;HD_semi-synth;3949;;52.675;38.5;51.775;69.75;31.25;89;14;31;3.42526;0.111076525
NAVIG_098;HD_semi-synth;3694;;51.975;41.175;51.75;78;38.66666667;82;7;33.5;4.1125;0.164572175
NAVIG_099;HD_semi-synth;4415;;47.675;36.5;48;64.825;28.325;89;18;26;2.42998;0.134507938
NAVIG_101;HD_semi-synth;3194;;59.2;50.8;63.525;75.1;28.7;82;5;34.5;1.392151739;0.140336861
NAVIG_102;HD_semi-synth;3875;;55;42.2;56.175;65;23.4;91;12;33.5;1.780112609;0.142214943
NAVIG_103;HD_semi-synth;5163;;42.6;34.75;41.375;50.125;15.375;95;24;26.5;2.44402;0.178128439
NAVIG_105;WFR;5383;3.92;42.725;32.25;41.15;48.5;16.25;99;33;25;1.451034167;0.195722152
NAVIG_108;WFR;4745;4.07;48.225;36.25;46.55;60.4;24.15;97;17;26;1.595364783;0.169241257
NAVIG_109;WFR;5005;3.55;45.625;33.175;42.95;56.925;23.75;97;30;27.5;1.532161818;0.162638753
NAVIG_110;WFR;3171;4.37;56.175;47;53.66666667;59;22;73;10;32.5;1.748877391;0.160884235
NAVIG_111;WFR;4909;5.03;46.45;34.075;42.5;53.75;19.675;97;30;27;3.26887;0.152726261
NAVIG_113;WFR;5128;4.13;45.725;32.75;43.2;51.5;18.75;100;28;25;1.65935579;0.153135153
NAVIG_114;WFR;5001;3.52;44.15;31.95;40.575;55.25;23.3;95;36;24.5;1.799528095;0.17729302
NAVIG_115;WFR;5191;4.61;43.55;32.5;43.25;52.125;19.625;97;33;23.5;2.122061364;0.162968917
NAVIG_116;WFR;4369;4.9;52.2;40;51.675;63.325;23.325;97;14;28;2.536554091;0.161417775
NAVIG_117;WFR;4353;4.89;49.925;38.85;50.675;53.76666667;18.96666667;91;24;24.5;1.51879375;0.170698287
NAVIG_118;WFR;4703;3.74;47.45;33.75;47.8;59.675;25.925;95;29;23.5;1.96216;0.170003459
NAVIG_120;WFR;3844;5.24;55.475;44.25;55.775;71.925;27.675;92;7;30;2.82575;0.135870242
NAVIG_124;WFR;1902;3.86;56.3;50;59.75;NA;NA;56;7;33.33333333;1.40381;0.168790075
NAVIG_125;WFR;5202;4.57;43.95;33.75;42.6;49.425;15.675;98;28;23.5;2.533234583;0.168886033
NAVIG_126;SOSR;3544;4.17;50.95;42.575;59.025;56.65;19.5;76;12;26.5;1.87066;0.171496415
NAVIG_127;SOSR;2902;4.57;64.05;51;67.625;68;22.5;86;3;33;1.332915;0.131768007
NAVIG_128;SOSR;5329;3.23;40.9;31.675;37.775;48.175;16.5;95;39;29.5;2.21205;0.200334147
NAVIG_129;SOSR;2940;5.11;60.1;50.925;62.925;67;21.65;78;2;32.5;2.44299;0.104741236
NAVIG_131;SOSR;558;2.57;62.8;78;NA;NA;NA;16;0;48;1.083131739;0.164607813
NAVIG_133;SOSR;5365;4.27;42.85;32.65;40.725;48.25;15.6;99;33;35.5;3.06281;0.170070667
NAVIG_134;SOSR;2434;4.28;63.5;53.5;67.16666667;63;26;70;3;33.5;2.10264;0.130167953
NAVIG_135;SOSR;3647;4.17;56.475;46.75;57.475;71.625;24.875;89;7;37.5;2.242886957;0.118571135
NAVIG_136;SOSR;3295;4.09;60.05;50.25;53.16666667;67.66666667;25.33333333;83;8;31.5;1.983843478;0.111606808
NAVIG_137;SOSR;3373;3.31;56.35;40.375;57.575;76;37.33333333;83;9;40.5;1.86194;0.209173815
NAVIG_138;SOSR;4669;4.4;48.175;38.325;47;57.75;19.425;95;21;30;2.14842;0.170064719
NAVIG_139;SOSR;2380;5.54;63.4;53.5;60.1;76;30.5;68;6;32.5;2.75758;0.171551543
NAVIG_142;SOSR;1688;6.25;64.4;60.66666667;64.4;85;40;50;3;53.5;1.997554167;0.12652482
NAVIG_143;SOSR;4377;5.05;46.825;36.75;46.075;63.25;26.5;87;18;32.5;3.10641;0.207979785
NAVIG_144;SOSR;3206;4.48;57.225;43.925;62.625;77.65;39.15;80;11;26;1.895040833;0.149800574
NAVIG_145;SOSR;3149;3.76;57.55;44.5;66.375;62;26;77;11;32.5;2.20619;0.167414112
NAVIG_146;SOSR;4318;3.59;48.425;35;47.65;56.66666667;23.33333333;88;21;30.5;2.37291;0.164754897
NAVIG_149;SOSR;4687;3.74;44.2;34.425;42.575;57.5;23.075;89;26;27;2.44037;0.149987983
NAVIG_151;SOSR;5001;5.93;43.175;36;44.075;43.2;11.53333333;91;32;25;2.54043;0.130316199
NAVIG_152;SOSR;4738;5.84;48.175;37.575;47.05;58.75;21.175;96;19;28;2.6725;0.156135122
NAVIG_153;SOSR;3358;4.85;61.225;48.75;62.65;66;20.33333333;92;5;26.5;1.271093271;0.137088183
NAVIG_154;SOSR;3454;4.05;53.125;44.25;56.175;70;29;78;11;32.5;1.90468;0.161071623
NAVIG_156;SOSR;2587;6.06;64.4;52;67.625;81.5;29.5;79;4;33.5;2.17775;0.139634822
NAVIG_159;SOSR;3352;3.63;58.225;46.5;52.66666667;66.66666667;26.66666667;82;10;29.5;0.997081488;0.114826025
NAVIG_160;SOSR;3849;5.13;53.5;44.25;52.825;62.86666667;22.53333333;87;11;33;2.31598;0.159610104
NAVIG_161;SOSR;2505;3.91;62.725;56.425;58.16666667;72;29;69;2;39;2.00298;0.141227005
NAVIG_162;SOSR;3842;4.19;51.9;40.675;53.5;60;22.66666667;84;12;31.5;1.588713333;0.151626217
NAVIG_163;SOSR;2573;3.45;63.125;58;53.65;61;16;69;5;34;1.53735;0.11557719
NAVIG_164;SOSR;3263;5.57;59.1;50.35;63.025;64.33333333;17.86666667;83;2;38.5;1.735931488;0.140573586
NAVIG_166;SOSR;1444;6.12;75.43333333;64;57.8;72;18;46.66666667;0;58;2.26965;0.11887624
NAVIG_167;SOSR;1058;4.49;68.5;70;89.9;NA;NA;42;1;49.5;1.535997273;0.133159747
NAVIG_168;SOSR;1938;4.65;62.575;52.5;70.85;NA;NA;65;4;32;2.28647375;0.133965534
NAVIG_169;SOSR;2416;4.29;54.175;44.25;62.025;NA;NA;66;8;33.33333333;2.00401;0.168067603
NAVIG_170;SOSR;2486;3.67;60.275;54.5;62.5;87;43;64;5;29.5;1.90383;0.127008575
NAVIG_172;SOSR;2517;3.82;60.8;49.33333333;77.33333333;80;38;69.33333333;6.666666667;30.66666667;1.431470959;0.120685851
NAVIG_173;SOSR;3424;5.81;59.325;48.875;56.9;75.325;26.45;90;8;30.5;2.82111;0.109116616
NAVIG_176;SOSR;4527;4.24;49.475;34;47.075;64.25;30.25;95;26;30;2.449310417;0.121204892
NAVIG_177;SOSR;2820;3.39;64.83333333;50;64.76666667;85;39.5;86.66666667;2.666666667;24;1.462118188;0.154151012
NAVIG_178;SOSR;3695;4.33;54.8;41.625;54.375;81.425;39.8;87;12;37;1.93826;0.133432529
NAVIG_180;SOSR;2287;3.97;64.8;54.25;67.06666667;87.5;36;71;2;29;2.26241;0.110947569
NAVIG_181;SOSR;5061;3.67;44.8;35.5;42.075;51.5;16;97;23;33;2.01372;0.171528542
NAVIG_182;SOSR;4102;3.9;53.55;44.9;51.575;62;17.1;94;7;26.5;1.91627;0.117555773
NAVIG_183;SOSR;1311;4.36;61.8;59.5;NA;NA;NA;37;2;35;1.570198333;0.161107639
NAVIG_184;SOSR;2140;4.63;60.05;56.375;66.5;94;50;57;8;38.66666667;2.37246006;0.15682758
NAVIG_185;SOSR;4709;4.57;46.325;35.85;48.5;48.33333333;17.2;91;33;30;2.54629;0.189547802
NAVIG_186;SOSR;2958;4.41;54.85;43.625;58.375;66;23.83333333;85;8;25.5;1.98183;0.208640838
NAVIG_187;SOSR;3551;3.49;59.3;49;57.625;66;20.33333333;93;5;32.66666667;1.398649167;0.135417905
NAVIG_188;SOSR;2700;3.48;58.675;47.5;71.575;76;34;70;8;33;1.435123478;0.104852894
NAVIG_189;SOSR;3095;4.82;57.75;50.175;62.2;58;19.65;73;7;32.5;1.62855;0.171359387
NAVIG_190;SOSR;1705;4.63;62.075;53;87.25;NA;NA;49;6;32;3.42034;0.14221939
NAVIG_191;SOSR;4406;4.69;51.25;38.75;50.125;59.325;20.575;96;17;36.5;2.54516;0.17117352
NAVIG_193;SOSR;3822;4.88;49.975;40;47.16666667;64.66666667;30;78;23;31;1.814317391;0.151729103
NAVIG_194;SOSR;4374;6.07;49.975;36.5;49.7;65;28.5;92;24;27;2.30159;0.203553169
NAVIG_196;SOSR;1838;3.53;63.925;56.25;72;NA;NA;54;0;25.5;2.02188625;0.153393316
NAVIG_197;SOSR;1006;3.45;51.375;62.5;NA;NA;NA;22;1;40.5;1.484701304;0.121398047
NAVIG_198;SOSR;3657;3.8;55.325;42.9;54.75;75.66666667;33.8;87;5;37;2.13456;0.139173153
NAVIG_199;SOSR;2765;2.84;60.36666667;48.66666667;63.33333333;84;42;74.66666667;2.666666667;34.66666667;1.606146667;0.127654228
NAVIG_201;SOSR;2621;4.56;59.2;48.5;56.25;75;30;69;4;39;1.80327;0.150908008
NAVIG_202;SOSR;2040;3.81;60.25;51.5;66.13333333;83.5;42.5;65;6;31;1.230524167;0.144295204
NAVIG_203;SOSR;1565;3.09;62.625;56;93;NA;NA;45;3;34.66666667;1.376154583;0.121730526
NAVIG_204;SOSR;3512;3.4;56.75;43.325;57.575;77;37.9;86;14;32.5;1.85526;0.137863777
NAVIG_205;SOSR;2936;3.51;61.75;52.25;61.4;77;28;82;2;33.5;1.61352;0.112749037
NAVIG_206;SOSR;1514;4.9;57.825;59.75;81.5;NA;NA;38;6;33.5;2.39713;0.134713021
NAVIG_207;SOSR;3370;4.01;56.575;51.05;56.375;74;22.26666667;84;4;41;2.03223;0.11933911
NAVIG_208;SOSR;2520;3.8;60.7;50.93333333;71;96;48;69.33333333;4;30;1.723973333;0.128676566
NAVIG_212;SOSR;3739;3.33;52.55;42.25;50.075;72;31.66666667;85;11;39;2.33601;0.143167493
NAVIG_213;SOSR;3323;4.41;56.35;45.75;60.5;58;22.5;79;10;35;2.52861;0.160459871
NAVIG_214;SOSR;2919;3.8;58.73333333;49;58.25;75;28.5;76;8;31.33333333;1.604813333;0.145959411
NAVIG_215;SOSR;2118;4.21;62.725;53.25;74.83333333;96;42;62;3;31.5;1.638758889;0.162863052
NAVIG_217;SOSR;3298;3.68;55.45;41.5;57.75;90;47;80;9;27.5;2.25615;0.135726655
NAVIG_218;SOSR;4290;5.01;51.45;40.675;51.05;62.5;21.825;94;12;37;2.93704;0.180401786
NAVIG_219;SOSR;2387;4.78;66.53333333;57.56666667;69.93333333;78;25.3;77.33333333;0;27.33333333;2.206548333;0.129718301
NAVIG_220;SOSR;3837;4.26;52.375;39.625;54.7;69.66666667;30.83333333;85;17;35;2.344825;0.109900261
NAVIG_221;SOSR;2360;4.05;67.96666667;53;72.33333333;87;38.5;80;1.333333333;37.33333333;1.502133333;0.135316017
NAVIG_222;SOSR;2864;4.71;62.6;52.75;68.2;80.9;27.56666667;82;4;29.5;1.786151667;0.120259364
NAVIG_223;SOSR;2995;4.17;61.275;45.425;68;82.56666667;36.66666667;83;8;36.5;1.742818636;0.132032878
NAVIG_224;SOSR;4904;4.3;47.05;36.5;44.7;57.825;21.325;98;18;33;2.070968696;0.148829466
NAVIG_225;SOSR;3139;4.78;60.275;48.75;57.93333333;71.66666667;26;83;6;26;2.057883333;0.134032124
NAVIG_226;SOSR;3885;4.19;55.025;41.75;52.175;71.75;30;93;14;29.5;1.82299625;0.143254112
NAVIG_227;SOSR;4085;4.54;53.46666667;39.33333333;51.33333333;71.33333333;32;93.33333333;17.33333333;33.33333333;1.955738333;0.174164683
NAVIG_228;SOSR;3279;4.96;59.7;43.75;60.825;75.43333333;35.76666667;87;8;30;2.088048636;0.14483897
NAVIG_229;SOSR;2618;3.24;63.25;55.5;60.66666667;81;33.66666667;76;4;31;1.15693;0.131935015
NAVIG_232;SOSR;3195;4.42;58.675;44.5;62.5;76.5;34;83;4;35;2.188457917;0.123756038
NAVIG_234;SOSR;3895;4.22;55.875;43.375;53.525;69.825;26.45;95;7;35.5;1.765801739;0.11818273
NAVIG_235;SOSR;2872;5.65;59.15;43.76666667;58.16666667;72;28.23333333;74;4;28.5;2.9935;0.154204743
NAVIG_236;SOSR;2957;4.23;58.83333333;45.56666667;55.25;74;28.65;77.33333333;6.666666667;30;1.60728;0.139266033
NAVIG_237;SOSR;5355;4.84;42.95;32.075;38.65;50.5;18.425;99;36;35;2.090252632;0.184438538
NAVIG_238;SOSR;2021;4.56;66.93333333;60.16666667;79.66666667;88;29.5;66.66666667;2.666666667;30;1.664826667;0.119571296
NAVIG_240;SOSR;2737;4.05;63.85;51;66.56666667;72;27.5;81;7;29.5;1.755392917;0.110774219
NAVIG_243;SOSR;3883;3.96;57.775;46.5;55.7;69;22.5;99;5;26.5;1.693949546;0.097089345
NAVIG_244;SOSR;3820;4.46;49.925;37.675;49.125;66.675;29;89;19;38;2.058439113;0.18052748
NAVIG_246;Swede;3866;4.26;55.227;41.500;55.292;72.750;31.25;92;12;22;1.910;0.08
NAVIG_251;Swede;4965;3.89;45.783;35.458;45.625;53.500;18.042;97;23;26;2.130;0.18
NAVIG_255;WOSR;4184;4.36;52.3;40.9;53.06666667;63.33333333;22.43333333;93.33333333;12;29.33333333;1.91848;0.163500107
NAVIG_264;WOSR;3966;3.64;53.325;44.75;51.75;58.66666667;15;90;6;31;1.570869167;0.150825953
NAVIG_305;WOSR;4038;3.99;54.4;41.5;55.775;63;21.66666667;94;12;29.5;1.723303333;0.095006079
NAVIG_307;WOSR;5225;4.41;41.875;29.075;40.75;53.825;24.75;95;42;27.5;2.120334444;0.144041667
NAVIG_308;WOSR;1435;4.11;51.4;56;NA;NA;NA;31;4;33;2.063343478;0.141974176
NAVIG_309;WOSR;5050;4.81;46.5;32.825;44.5;54.25;21.425;100;31;28.5;2.600295;0.19161671
NAVIG_310;WOSR;2079;4.91;56.8;50.5;72;NA;NA;51;3;30;1.971646667;0.20308957
NAVIG_311;WOSR;5052;4;46.45;37;43.85;51.825;14.825;100;14;28.5;1.725129445;0.165796361
NAVIG_312;WOSR;4956;4.47;46.375;34.1;43.225;53.825;19.725;98;26;27;2.574772698;0.202105867
NAVIG_313;WOSR;4527;4.86;47.13333333;35;52.76666667;48.35;13.85;89.33333333;26.66666667;26.66666667;2.852013333;0.190648438
NAVIG_314;WOSR;4722;4.21;46.775;34;46.75;57;23;94;25;26.5;2.346082222;0.128656596
NAVIG_315;WOSR;4921;4.6;47.25;34.875;44;55.75;20.875;99;22;26.5;1.882873623;0.154683668
NAVIG_317;WOSR;4753;5.41;47.975;37.55;44.425;60.25;22.7;97;17;29;2.497393043;0.187931012
NAVIG_318;WOSR;4311;4.77;52.55;42.125;50.3;59.75;17.625;97;11;29;1.822471765;0.192416502
NAVIG_319;WOSR;5702;5.1;39.975;30.425;39.075;47.825;17.4;100;42;24;2.721773333;0.168649085
NAVIG_320;WOSR;5183;3.46;44.65;31.575;40.85;51.5;19.925;99;30;26.5;1.686230725;0.152313924
NAVIG_321;WOSR;4745;4.91;49.1;38.9;45.475;56.075;17.175;99;10;29;1.57529037;0.144163263
NAVIG_323;WOSR;5206;4.36;44.95;33.5;43.5;52;18.5;100;27;27.5;1.403522963;0.132681538
NAVIG_324;WOSR;4772;4.28;48.325;36.625;47.325;56;19.375;98;19;24.5;4.22091;0.151597066
NAVIG_326;WOSR;5255;4.2;43.9;33;40.8;53.575;20.575;99;30;28.5;1.98709087;0.169926546
NAVIG_327;WOSR;5195;5.51;43.4;33.75;41.7;50.575;16.825;97;32;32.5;3.217598636;0.140708426
NAVIG_328;WOSR;2846;4.83;63;53;59.56666667;74.83333333;27.5;80;6;35;2.42316;0.150593426
NAVIG_329;WOSR;4823;4.83;48.225;40.375;46.675;54;13.625;99;14;26.5;2.39592;0.154255305
NAVIG_331;WOSR;5273;4.72;43.725;34;43.3;48.5;14.5;99;25;25.5;2.60934;0.188002108
NAVIG_332;WOSR;5140;4.32;44.525;36.5;42.525;49.75;13.25;98;15;29.5;1.916143333;0.145640568
NAVIG_333;WOSR;5236;4.37;44.625;34.825;44.325;49.375;14.55;100;22;27.5;2.017223158;0.203927678
NAVIG_334;WOSR;4932;3.66;47.675;37.5;44.8;54.75;17.25;100;16;26;1.352097143;0.127452337
NAVIG_335;WOSR;5213;5.79;44.4;33.575;43;51.75;18.175;99;25;26.5;2.75252;0.158562746
NAVIG_336;WOSR;3936;4.44;54.45;42.875;55.55;67;24.125;92;9;32.5;2.099369565;0.127694788
NAVIG_337;WOSR;2261;3.81;60.5;54.425;67;84;39;63;3;31.5;2.20219;0.104425889
NAVIG_338;WOSR;3029;4.27;62.325;49.925;62.7;81;31.76666667;87;4;33.5;1.93024;0.145839174
NAVIG_339;WOSR;4350;4.63;52.65;43.325;52.975;58.55;15.225;98;5;31;1.909260556;0.190080873
NAVIG_340;WOSR;3286;4.69;60.85;51;59.75;77.75;26.75;90;4;37.5;2.73608;0.12407546
NAVIG_341;WOSR;3659;5.07;58.425;47.25;58.025;71.175;23.925;95;4;28;2.411747273;0.17602975
NAVIG_342;WOSR;4821;4.65;47.275;36;44.825;56.825;20.825;97;20;26;2.053504348;0.133120976
NAVIG_343;WOSR;4531;3.89;48.25;34.825;46.825;62.25;27.425;93;24;29;1.809604167;0.153452381
NAVIG_344;WOSR;4777;4.83;48.8;37.5;43.825;57;19.5;99;19;28.5;2.110228986;0.141878083
NAVIG_345;WOSR;4842;3.89;46.575;37.425;45.2;55.5;18.075;96;15;29.5;2.050516522;0.173300347
NAVIG_346;WOSR;4379;4.52;51.875;39.5;52.15;62;22.5;97;15;27;2.269605652;0.145040737
NAVIG_347;WOSR;4741;4.7;48.15;37.875;46.875;58.175;20.3;97;20;30;2.450946667;0.143203222
NAVIG_348;WOSR;4340;4.54;52.7;43.25;50.45;61.75;18.5;98;9;30.5;2.166875;0.164313768
NAVIG_349;WOSR;5086;3.84;45.075;33.325;42.975;52.5;19.175;98;25;26;1.606162353;0.119923326
NAVIG_350;WOSR;5298;4.36;44.025;34.2;42.375;48.5;14.3;100;22;28;1.909139444;0.138900436
NAVIG_351;WOSR;5267;4.26;42.725;35.175;40.525;47.425;12.25;97;24;26;3.251885;0.17128972
NAVIG_352;WOSR;4683;4.13;49.65;37.075;49.2;58.5;21.425;99;20;26.5;1.6154575;0.165562145
NAVIG_353;WOSR;4552;4.32;49.45;38.25;46.375;59.675;21.425;96;13;30;3.012746667;0.138161641
NAVIG_354;WOSR;4052;4.25;54.1;42.25;52.05;69;26.75;94;5;29.5;1.81765381;0.122560424
NAVIG_355;WOSR;4302;4.57;52.4;37.575;50.25;65.25;27.675;96;12;29;2.750969524;0.133002995
NAVIG_356;WOSR;5001;4.31;46.475;33.85;43.225;54.75;20.9;99;26;29;2.00746;0.111810654
NAVIG_357;WOSR;4395;4.39;48.7;37.875;45.25;58.25;20.375;91;15;28.5;2.1963;0.158602088
NAVIG_358;WOSR;3704;4.23;59.3;45.25;58.525;70.75;25.5;98;3;35.5;2.29119;0.108277549
NAVIG_359;WOSR;4778;3.76;48.325;40.475;46.9;53.625;13.15;98;14;30;1.711650833;0.178031901
NAVIG_360;WOSR;4823;4.02;48.3;37.55;44.025;55;17.45;99;17;30.66666667;1.83524;0.140963655
NAVIG_361;WOSR;2574;4.23;58.975;49;65.325;70;27;77;6;32;1.417014167;0.196160087
NAVIG_362;WOSR;4144;5.5;52.175;39.925;50.95;58.66666667;18.43333333;92;11;29.5;2.60381625;0.180018902
NAVIG_363;WOSR;5127;4.77;45.225;33;44.025;52.5;19.5;99;29;26.5;2.451349583;0.130223253
NAVIG_364;WOSR;4927;4.51;47.275;38.175;44.925;52.95;14.775;99;16;28.5;2.328869091;0.173844728
NAVIG_365;WOSR;4811;4.48;48.425;37;47.775;55.075;18.075;99;17;25;1.889581429;0.144974375
NAVIG_366;WOSR;5020;4.73;46.8;35.625;43.4;53.075;17.45;100;23;25.5;2.190869565;0.193370616
NAVIG_367;WOSR;5583;4.48;40.7;30.25;38.5;47.325;17.1;99;47;25;3.09724;0.198471583
NAVIG_368;WOSR;5179;3.82;44.675;34.25;43.2;50.325;16.075;99;23;26.5;1.616948333;0.150926787
NAVIG_369;WOSR;3509;4.52;58.2;49;51.43333333;63.23333333;24.56666667;83;12;35;2.1621;0.194791183
NAVIG_371;WOSR;4761;4.25;45.575;33.55;43;57.5;23.95;93;29;27;2.66747;0.191813164
NAVIG_372;WOSR;3264;4.78;57.45;45;59.825;78.33333333;36.33333333;82;9;32;2.43581;0.124085038
NAVIG_373;WOSR;5888;4.1;38.125;28.5;36;43.75;15.25;100;52;23;2.157542083;0.147046847
NAVIG_374;WOSR;4484;4.09;49.275;36.25;47.4;63.5;27.25;94;20;28.5;2.48459;0.139718503
NAVIG_375;WOSR;4574;4.48;48.45;37.825;48.025;56.5;18.675;94;19;28;2.55688;0.186912639
NAVIG_376;WOSR;4151;4.42;51.75;41.675;51.325;65;23.325;91;15;31.5;3.11834;0.127900731
NAVIG_380;WOSR;4977;4.27;45.775;33.625;41.675;59.075;25.45;97;29;26.5;2.70337;0.142473917
NAVIG_381;WOSR;5029;4.86;45.15;30.675;42.325;55.65;24.975;97;29;25.5;3.02291;0.1754433
NAVIG_383;WOSR;4609;4.14;48.525;36;45.875;59.5;23.5;95;18;29;1.95392;0.174971804
NAVIG_384;WOSR;4665;6.03;44.625;35.7;44.925;60.925;25.225;89;21;27;4.44002;0.181221994
NAVIG_385;WOSR;4690;4.7;48.1;36.825;46.15;55.425;18.6;96;19;26.5;1.963357083;0.155172044
NAVIG_387;WOSR;5266;4.63;43.175;33.675;40.7;48.675;15;98;29;26;2.49518;0.189398399
NAVIG_388;WOSR;4936;3.96;47.65;38.25;44.65;54;15.75;100;17;30.5;1.404588333;0.141250651
NAVIG_390;WOSR;5444;4.51;42.55;32.75;40.15;48.05;15.3;100;34;28;2.129537391;0.179671359
NAVIG_391;WOSR;5075;4.63;45.7;32.75;42.2;51.325;18.575;99;31;25.5;2.54925;0.121165594
NAVIG_392;WOSR;5710;3.18;39.9;30.5;37;47.2;16.7;100;45;24.5;1.70831;0.143237481
NAVIG_393;WOSR;1571;4.71;54.7;56.25;NA;NA;NA;37;4;27;1.97407;0.146888939
NAVIG_394;WOSR;4261;4.38;49.125;38.325;49.7;59.33333333;21.56666667;89;12;29;2.19606;0.134318235
NAVIG_396;WOSR;4589;4.39;48.9;38;47.575;60.5;22.5;95;19;31.5;1.795093333;0.128915486
NAVIG_397;WOSR;4747;4.49;46.975;37.675;46.3;53.175;15.5;95;15;30;3.31984;0.114801217
NAVIG_399;WOSR;4099;3.87;54.675;44;52.675;64.75;20.75;97;9;30.5;2.4046;0.110763814
NAVIG_400;WOSR;4935;4.4;47.175;35.5;45;53.25;17.75;99;18;28.5;2.75495;0.146972865
NAVIG_401;WOSR;4321;4.27;51.5;39.675;49.1;68;28.325;95;10;33;1.97306;0.167569851
NAVIG_402;WOSR;2087;4.18;59.375;50.125;67.25;79;33;57;2;35;2.24321;0.17254454
NAVIG_403;WOSR;4739;3.8;48.2;37.65;46.55;59;21.35;97;16;28.5;2.21031;0.109763705
NAVIG_404;WOSR;3787;3.69;54.95;42.75;56.2;72.5;29.75;89;10;30;1.969794783;0.148100856
NAVIG_405;WOSR;4128;3.48;52.125;39.425;52.875;65.45;26.025;92;14;28.5;2.08992;0.125725502
NAVIG_406;WOSR;5162;4.17;45.4;33.8;42.275;52.45;18.65;100;27;27;2.21973;0.139861326
NAVIG_407;WOSR;5022;4.19;44.75;35.85;42.575;52;16.15;96;25;27.5;2.18083;0.142668973
NAVIG_408;WOSR;1895;4.54;65.85;57.75;81.875;NA;NA;61;0;41.5;2.4745;0.157650137
NAVIG_409;WOSR;1833;4.43;56.75;52.075;67.25;NA;NA;45;3;32.5;1.942855;0.165999458
NAVIG_411;WOSR;4526;4.38;49.975;41.5;48.05;55.75;14.25;96;11;29;2.24579;0.171298361
NAVIG_414;WOSR;4316;4.32;53.025;43.75;50.975;63.325;19.575;98;9;29;2.17015;0.124757795
NAVIG_415;WOSR;5122;3.95;45.775;34.125;43.475;53.5;19.35;100;28;27;2.11726;0.119954199
NAVIG_416;WOSR;2183;4.75;68.625;58.325;72.43333333;82.5;28.85;75;0;44.5;2.08903;0.138657411
NAVIG_418;WOSR;5363;4.78;42.8;32.05;41.25;51.75;19.7;99;32;24;2.41679;0.177009918
NAVIG_420;WOSR;4840;4.46;47.625;39.35;45.35;53.675;14.35;98;12;29.5;1.93014;0.157261928
NAVIG_421;WOSR;4665;3.77;49.925;37.825;48.275;57.5;19.675;99;19;27.5;1.86502;0.141466684
NAVIG_423;WOSR;4469;4.68;50.975;39.5;48.075;60;20.5;97;13;30;2.49509875;0.147693185
NAVIG_424;WOSR;5276;3.87;43.275;31.05;40.4;51.175;20.125;98;39;25;1.820201364;0.164607448
NAVIG_426;WOSR;4649;4.87;50.025;39.75;47.575;56.575;16.825;99;14;32;2.054770588;0.143992844
NAVIG_430;WOSR;4734;4.73;48.675;36.675;47.25;56.5;19.825;98;18;27;2.29035;0.177337299
NAVIG_431;WOSR;4624;4.51;48.875;38;46.525;57.375;19.375;96;16;27;2.1712;0.170407994
NAVIG_432;WOSR;2987;4.27;52.85;41.375;55.825;69.33333333;31.16666667;83;18;30.5;1.6749;0.205397362
NAVIG_433;WOSR;4487;4.53;51.95;39.325;50.375;63.5;24.175;97;17;24;2.581106522;0.134004099
NAVIG_434;WOSR;4511;3.65;51.475;41;50.025;59.175;18.175;99;11;31.5;2.06051;0.110893247
NAVIG_437;WOSR;1114;5.89;54.725;61.25;NA;NA;NA;32;2;37.5;2.238317083;0.171028257
NAVIG_438;WOSR;4834;4.04;45.475;34.325;42.7;56.075;21.75;94;21;29;2.26789;0.148736305
NAVIG_439;WOSR;3543;4.3;57.85;46.5;59.95;65.33333333;20;89;7;31;1.980898182;0.111489778
NAVIG_440;WOSR;4887;4.69;46.75;36.5;44.575;55.575;19.075;97;19;28;2.74017;0.131642854
NAVIG_441;WOSR;3771;2.88;55.275;42;58.675;68.66666667;28.33333333;89;14;30;1.519830526;0.103833559
NAVIG_442;WOSR;3471;3.59;53.85;40.75;60.025;77.33333333;41.66666667;79;14;31;2.524110909;0.157879247
NAVIG_443;WOSR;4350;4.93;50.85;41.625;50.375;59.5;17.875;94;11;35.5;2.69403;0.097419853
NAVIG_445;WOSR;2645;3.59;58.05;45.23333333;55.66666667;68;25.65;63;3;43.5;2.03625;0.129759946
NAVIG_447;WOSR;3927;4.58;54.225;38.875;56.5;71;32.125;91;19;25;2.098577143;0.124112052
NAVIG_449;WOSR;4849;3.81;45.975;35.75;45.4;54.5;18.75;95;21;26.5;2.20693;0.122862017
NAVIG_450;WOSR;2653;3.12;60.95;51.25;66.125;74;26.5;73;0;41;1.91492;0.149748921
NAVIG_451;WOSR;2041;4.62;55.375;45.75;64;NA;NA;57;9;28;2.09574375;0.149349713
NAVIG_452;WOSR;3926;4.24;53.725;41.675;54.8;70;28.325;90;12;33.5;1.990495;0.163475081
NAVIG_453;WOSR;4205;3.78;53.85;38.675;53.975;66.625;27.95;97;12;30.5;1.92616;0.126335657
NAVIG_454;WOSR;1919;4.16;63.375;56.25;68;92;42;59;3;40;1.4592725;0.144647
NAVIG_455;WOSR;4772;4.11;47.3;35.175;45.75;56;20.825;96;22;26;2.47207;0.159802682
NAVIG_456;WOSR;3066;2.55;58.925;52.575;51.23333333;73.33333333;29.9;76;4;38.5;1.6661;0.143361388
NAVIG_457;WOSR;3086;4.63;61.625;52.25;65.575;73.66666667;23.66666667;86;3;36;2.153192273;0.113608898
NAVIG_459;WOSR;4147;4.52;54.225;41.625;52.275;67.925;26.3;97;9;29.5;2.56731;0.110688074
NAVIG_460;WOSR;1383;3.87;54.675;64;NA;NA;NA;33;5;31.5;1.496385833;0.11103652
NAVIG_462;WOSR;4565;5.09;49.075;40.5;48;57.25;16.75;95;11;27.5;2.40689;0.133247917
NAVIG_463;WOSR;3680;4.42;59.7;45.425;59.15;72.075;26.65;98;6;34;2.49404;0.084849145
NAVIG_464;WOSR;3945;3.94;52.2;42.75;54.775;68.5;25.75;87;17;27.5;1.68204;0.171253293
NAVIG_466;WOSR;4965;4.71;45.85;36.6;44.325;52.5;15.9;97;21;26.5;2.50893;0.163997675
NAVIG_467;WOSR;4928;4.38;44.825;32;44.075;60.5;28.5;94;28;27;2.23152;0.199008684
NAVIG_468;WOSR;3761;5.8;54.675;44.175;59.025;61.33333333;19.76666667;87;10;29;3.45422;0.141580944
NAVIG_469;WOSR;4131;4.96;52.275;35.75;54.45;60.33333333;27.33333333;91;20;25;2.51042;0.144081908
